SalesPersonName,Sales
Erik Presley,555591.5018339675
Frank Roll,2162628.840851628
Helen Brolin,2103847.3319120524
Ingrid Hendrix,674124.5399937062
Joan Callins,785896.8317440161
Leif Shine,2052004.0863422889
Lennart Skoglund,927555.7374766337
Rob Carsson,2797928.154334477
Tom Lindwall,2189768.7788493335
