"Country, Values"
"Argentina, 75232.53065"
"Canada,417371.1929"
"France, 1393897.499"
"Germany,4216296.018"
"Italy,104869.0187"
"Norway,1706.102054"
"Poland,34625.88008"
"Singapore,4485638.041"
"Spain,219006.6338"
"Sweden,447345.379"
"Switzerland,103991.0893"
"UK,1270790.101"
"USA,1478576.317"
