Country,Sales
Argentina,75232.53065494804
Canada,417371.19288999063
France,1393897.4990173313
Germany,4216296.0179977575
Italy,104869.01870756006
Norway,1706.1020537999998
Poland,34625.88008252
Singapore,4485638.041253188
Spain,219006.63379862605
Sweden,447345.37903554016
Switzerland,103991.08934626401
UK,1270790.101232497
USA,1478576.31726807
