,Country,Sales
0,Argentina,75232.53065494804
1,Canada,417371.19288999063
2,France,1393897.4990173313
3,Germany,4216296.0179977575
4,Italy,104869.01870756006
5,Norway,1706.1020537999998
6,Poland,34625.88008252
7,Singapore,4485638.041253188
8,Spain,219006.63379862605
9,Sweden,447345.37903554016
10,Switzerland,103991.08934626401
11,UK,1270790.101232497
12,USA,1478576.31726807
